{"MAX_VERTICAL_SPEED": 271.4, "GRAVITY_ACCELERATION": 38.599999999999994, "PLAYER_ANIMATION_SPEED": 0.9834999999999999, "PLAYER_SPEED": 61.85, "PLAYER_JUMP_FORCE": 60.4}